"Chiesa. Novità nella messa: via il “sangue di Cristo”, arriva il “plasma iperimmune di Cristo”"
Distanziamento sociale e messa: in arrivo i chierichetti robot
Estate 2020: gavettoni di plasma per risolvere il problema del Covid-19 sulle spiagge
Conte precisa: “Se caga mentre vi lavate i denti considerate la partner come congiunta
Governo lancia Primo maggio in smart working: “I rider porteranno la Bandabardò a domicilio”
Fase 2. I runner potranno tornare a correre ma solo nei boschi e durante la stagione di caccia
Fase 2. Lanciata l’app che segnala se nei dintorni c’è Vittorio Feltri
Veneto trema per la riapertura a Maggio: “Non ci saranno abbastanza scorte di Aperol”
In arrivo Galateo Covid-19: spiega chi deve cambiare marciapiede quando due pedoni si incrociano
Riapertura delle cartolibrerie. Conte: “Le donne potranno ritoccare la ricrescita con gli Uniposca”
"Protezione Civile, numeri incoraggianti: “Quasi azzerati i casi di flashmob dai balconi”"
Parroco utilizza l’autobotte della ditta di sanificazione per benedire le case a Pasqua
"Non è l’Arena, in studio con Giletti la salma di Luigi Di Bella"
Nonnina riconvertita in azienda produttrice di mascherine
Multati giovani partiti per un viaggio psichedelico senza autocertificazione
Benedetta Rossi lancia il programma: “Fatto in quarantena per voi”
Sampdoria dona 5 calciatori allo Spallanzani
Coronavirus. Già alla prima ristampa il tampone positivo di Luis Sepulveda
Emergenza coronavirus: gatto chiede di rientrare in casa e poi rientra davvero
"Milano, studente di Ingegneria viene messo in isolamento e migliora la sua vita sociale"
Anche San Marino decreta distanza di sicurezza di 2 metri: metà della popolazione finisce in Italia
Ancora in aumento le persone che hanno letto questo titolo
"COVID-19, stretta anche in Vaticano: “Preti distanti almeno due metri dai bambini”"
Esagera con le calamite e non trova più la maniglia del frigorifero. Cinquantenne muore di fame
"Arriva “Vieni che ti faccio un tampone”, il primo film porno sul coronavirus"
Psicosi coronavirus. A ruba anche “La cura” di Battiato
"Coronavirus, la Mafia attiva servizio online per il pagamento del pizzo"
"Carnevale, impazza il costume da “paziente zero”"
Chiesa si svecchia: arriva il Padre Nostro col testo modificato da Morgan
Articolo di Libero scambiato per testo di Junior Cally
"Coronavirus, speranze dall’Italia: “Virus sembra non sopravvivere alle canzoni di Sanremo”"
Coronavirus. Papa schiaffeggia di nuovo fedele cinese ma stavolta coi guanti
Facebook. Da domani sarà obbligatorio ringraziare uno per uno tutti quelli che ti fanno gli auguri
Milanese passa un intero minuto senza sentirsi migliore degli altri
Rapporto Ocse: l’Italia è al 19esimo posto per i rapporti Ocse
Green economy. Presentata stufa che funziona coi canditi scartati dai panettoni
"Le scrive in chat “Voglio essere il tuo schiavo”, ma lei è di Amnesty e gli fa cambiare idea"
David Puente debunka oroscopo di Paolo Fox
Ikea ritira le librerie Billy dagli store italiani: “Tanto a voi non servono”
ESA rivela: “Prima passeggiata spaziale femminile disturbata da un tamarro che molestava”
Crisi dell’editoria. Edicolante fa a pezzi il suo chiosco e lancia la collana: “Costruisci la tua edicola”
Carica per sbaglio un disegno di Escher in una stampante 3D e la fa esplodere
Cassazione shock: marito condannato ad andare ogni giorno dall’ex moglie per aprirle i barattoli
Grande successo per il gatto influencer che recensisce gli angoli della casa in cui dorme
Mode tra i giovani: al primo posto i trentenni che fingono di potersi permettere le vacanze
Fondato il Sindacato degli Evasori Moderati: “Evadere meno per evadere tutti”
Convince altri 100 amici a iscriversi al corso da influencer e riceve la Laurea ad honorem
"Ospedale Niguarda, apre il primo reparto riservato agli uomini con la febbre a 37"
Roma. Giapponese prodigio riesce a spendere meno di 100 euro per un panino
I creatori di Mindhunter annunciano uno speciale su Bruno Vespa
"Philip Morris lancia il concorso: “Mandaci la foto della tua malattia, potrai finire su uno dei nostri pacchetti”"
“Vietati i liquidi in aereo”. Fedeli in ritorno da Lourdes costretti a bere l’acqua delle madonnine
Aperta scuola di salsa cubana dove prima si scopa e poi si impara a ballare
"Afa, boom di richieste per la veggente che predice il futuro leggendo le macchie di sudore"
Evoluzionisti lanciano l’allarme: “Guardare Temptation Island fa perdere il pollice opponibile”
Ingegneria genetica. Medico israeliano fa nascere il primo bambino già circonciso
Bmw sviluppa innovativo sistema per mantenere le scorregge nell’abitacolo delle cabrio
Chiesa scopre l’esistenza di un nuovo santo durante un torneo di briscola
Novità Ryanair: -60% sul biglietto se scegli solo l’aeroporto di partenza
"Chernobyl, influencer pubblicizza crema abbronzante al cesio-137"
Marco Columbro rivela: “Nella prossima vita mi reincarnerò in un presentatore senza problemi psichiatrici”
Antropologo avvista Gigi Marzullo e Maurizio Mannoni in pieno giorno
Novità Ryanair: si potranno portare a bordo nella vescica al massimo 100 ml di urina
Compie 49 anni: festa di compleanno interrotta dalla Digos
Fan delusi lanciano petizione per riscrivere la primavera
"Roma, storica pozzanghera ottiene la Bandiera Blu"
Adolescente si addormenta ascoltando musica Trap e si sveglia parlando con l’autotune
Tema: “Che lavoro fa tuo papà?” Figlia di Salvini lascia il compito in bianco
Nuovo incidente a ‘Ciao Darwin’: concorrente muore dopo battuta di Luca Laurenti
Bambino disegna un arcobaleno e diventa gay
"Prima di morire gli passa davanti il film della sua vita, ma il protagonista è Beppe Fiorello"
"Revenge porn, emendamento Lega: sarà reato pubblicare foto dell’ex con testi di Gio Evan"
Il senatore Pillon: “Potranno giocare con le bambole solo le bimbe che hanno un regolare maritino”
"Congresso delle famiglie, tra i relatori anche un embrione"
“Basta Pasqua variabile”. Gesù chiede al Vaticano una data fissa anche per la sua morte
“Bisogna seguire Gesù anche nella sua acconciatura”. Papa Francesco fa il trapianto di capelli in Turchia
"Freccero: “Rai2 come Tele Padre Pio, diretta della salma di Casaleggio h24”"
Ragazza prodigio riesce a registrare un messaggio vocale di 5 minuti in 30 secondi
Vince un milione di euro al gratta e vinci ma lo butta per non perdere il reddito di cittadinanza
Scienza: pecora Dolly probabile figlia di Maradona
Kim Jong-un guarda “L’isola dei famosi” e riprende gli esperimenti sul nucleare
Cassazione: “Medici obiettori devono mantenere figli nati da gravidanze indesiderate”
Cacciatore registra audio di Mario Giordano e lo usa come richiamo per le anatre
Gruppo Whatsapp delle mamme si accorda per la gita delle elementari ma i figli sono già all’Erasmus
Premio Strega assegnato col televoto. Vince Ultimo
Fabrizio Corona fermato mentre tenta di comprare il suo libro con soldi falsi
Guarda Patty Pravo a Sanremo: bambino non dorme da tre giorni
Recessione. Nel paniere Istat entrano le pezze al culo
Boom di visualizzazioni per il video party col pestaggio dell’inventore dei video party
Fa credere al gatto di vivere a Vicenza per non farlo scappare di casa
"Non trova più la maglia preferita, Marie Kondo sfascia la sua camera"
"Boom di vendite per il gioco da tavola Onestopoly, la versione grillina del Monopoly"
"Lotta al fumo, sui pacchetti arrivano le foto shock di vostro padre che si tromba vostra madre"
"2019, l’astrologo: “I nati sotto tutti i segni continueranno a leggere le cazzate che scriviamo”"
"Moda inverno, boom tra i giovani delle sciarpe per caviglie"
“Porgi tu l’altra guancia!” Rissa tra Bergoglio e Ratzinger per il parcheggio delle papamobili
Cassazione: contatto FB con 200 amici in comune ha diritto di autoinvitarsi al tuo pranzo di Natale
Liberalizzazioni. Dal 2019 le caldarroste si potranno acquistare anche in oreficeria
Si masturba con il contapassi al polso: 14enne batte il record mondiale sui 100 metri piani
Dio posticipa l’Apocalisse a dopo l’uscita del prossimo album dei Tool
"Terra dei Fuochi, la Campania celebra le sue eccellenze e inaugura la ‘Sagra della diossina’"
"Bullismo, la Commissione Europea richiama l’Italia: “Lasciate in pace il Molise”"
