"Juventus, deciso il taglio dello stipendio anche degli arbitri"
Sampdoria dona 5 calciatori allo Spallanzani
"Coronavirus, la Lega Calcio cambia di nuovo idea: “Sì ai tifosi nello stadio ma niente partita”"
"Doping, giavellottista russo escluso da Tokyo2020 non si arrende: “Gareggerò da qui!”"
"Calciatore shock dopo gol: “L’importante è che ho segnato io, della squadra me ne sbatto il cazzo”"
"Nubifragio sorprende raduno neofascista, camerati si qualificano ai mondiali di nuoto sincronizzato"
"Errori arbitrali pro-Juve, tifosi del Napoli minacciano di disdire l’abbonamento al ‘Pezzotto’"
"“Mi ispiro al mio idolo”, Neymar dedica a CR7 le accuse di stupro"
Scudetto 2006. La Juve non si arrende: pronto ricorso alla Sacra Rota
"GP del Canada, Ferrari fiduciosa: “Forse abbiamo capito come si accende il motore”"
Rider Foodora vince per sbaglio tappa del Giro D’Italia
"“C’è un buco il venerdì mattina”, la Fifa introduce un nuovo torneo"
Scienza: pecora Dolly probabile figlia di Maradona
"Siena, trova moglie a letto col fantino della sua contrada e lo incita"
Mamma italiana diventa Campionessa Mondiale di Lancio della Ciabatta
Calcio e solidarietà: finisce in rissa amichevole fra razzisti di merda e buonisti del cazzo
"Inter, Spalletti si addormenta durante una sua analisi della partita"
Praticare sport aiuta il tuo guardaroba a riempirsi di indumenti fluorescenti
Balbuziente viene ingaggiato per commentare le partite su DAZN
"Serie A, nuovo regolamento. Se un giocatore extracomunitario protesta l’arbitro potrà usare il taser"
Abbonati DAZN lanciano class action: “A scatti anche le seghe su Diletta Leotta”
Il premier Conte vola a Milano per stare vicino ai tifosi dell’Inter
"Mondiali, Spagna, Italia e Germania: “Costruiremo un muro per contenere la boria francese”"
Statua di Neymar crolla a terra durante l’inaugurazione
Tv. Arrivata al 79% la trasformazione di Pierluigi Pardo in Giampiero Galeazzi
"Mondiali, Di Maio manda Conte in Russia per sostenere gli azzurri"
La Rai si aggiudica i diritti delle partitelle in spiaggia di Bobo Vieri
Graziano Cesari scopre un fermo immagine che mette in discussione il Big Bang
Campionati mondiali di cattiveria: Hannibal Lecter perde finale contro addetto al gate Ryanair
Operaio affida procura a Raiola per arrivare a prendere 1200 euro
Spalletti organizza un calcio a cinque ma Totti per ripicca si presenta solo negli ultimi minuti
Servizio shock delle Iene: “Totti prendeva soldi per giocare con la Roma”
“Ti vesti da finocchio!” Gruppo fascista aggredisce maglia rosa del Giro d’Italia
“Il segnale tv arriva dopo 7 anni” gruppo di interisti si trasferisce su Saturno per rivivere il triplete
Effetto Cina sul Milan: sponsor ingaggia la squadra dei ‘Pulcini’ per cucire i palloni
Ciclismo. Trionfa alla Liegi-Bastogne-Liegi restando direttamente a Liegi
"Francia, sospeso ciclista trovato positivo a Keith Richards"
"Rugby, merenda di Castrogiovanni si trasforma in terzo tempo"
Talent scout dell’Inter visita campo profughi in cerca di nuovi fenomeni
Aperte le Paralimpiadi per falsi invalidi: Italia favorita
Neo-presidente Fifa: “Biglietto per vedere le partite anche dai balconi affacciati sugli stadi”
"Calcio, il Cardinale Bertone candida il suo attico per ospitare il Mondiale 2026"
Italia batte Germania ed è Campione del Mondo di Razzismo: “Il cielo è ne*ro sopra Berlino”
Mondiali Razzismo: Italia batte USA lanciando banane a Obama e vola in finale contro la Germania
“Vi pisciamo nel Gange!” Italia batte India ai Mondiali di Razzismo e vola in semifinale
Mondiali di razzismo: l’Italia parte tra i favoriti
Formula 1. Dalla prossima stagione si correrà il GP del Vaticano
Valentino Rossi: “Il mio segreto? Quando corro penso sempre che la Finanza mi insegua”
"Ventimiglia, Francia: “Riapriremo le frontiere, ma solo ai profughi bravissimi a calcio”"
"Calcio, Renzi vara decreto antiviolenza: punti extra se gli ultrà non uccidono nessuno"
Brasile. Al via la prima edizione delle “Olimpiadi del doping”
Beppe Grillo arbitra amichevole tra grillini: espulsi tutti i 22 giocatori
"Lei juventina amante di “50 sfumature…”, lui la lega e la costringe a guardare la Fiorentina"
Scandalo Wrestling: scoperti più di 10.000 incontri non decisi a tavolino
Si tuffa da 284 metri di altezza e muore. Incertezza sulla causa del decesso
Annullato il Record Mondiale di “Solitario”: impiegato non era sul posto di lavoro
"Chiesa. Arriva la Tessera Del Fedele: “Più preghi, più vinci!!!”"
"Renzi: “Basta calcio e violenza, bocce sport nazionale”. Ultras: “Picchieremo vecchietti”"
Sport. Zeman legge il libro per smettere di fumare e si fuma il libro
Mondiali. Cristo di Rio diventa ufficialmente una bestemmia
M5S: “La Nazionale? I convocati li scelga la rete”
Svelato il mistero di Messi: vomita da quando ha visto una foto di Daniela Santanchè
Scandalo Prandelli: ha prenotato le vacanze in Thailandia per il 26 Giugno
"Federica Pellegrini, ricovero shock in rehab: “Sono dipendente dal cloro”"
Partita del cuore: Zucchero plagia un gol di Morandi del ’92
Pattinaggio di figura a coppie: pattinatrice resta incinta durante esibizione
"Serie A, la denuncia di un calciatore: “Io vittima di mobbing perché non ho tatuaggi”"
Precaria entra nel Guinness dei Primati: assunta e licenziata in 8 secondi e 3 decimi
IL FIGLIO DI GALLIANI: “BARBARA AL POSTO DI MIO PADRE? DOVRÒ FARMI UNA VITA FUORI DALLO STADIO”
Fanno tre palleggi di fila ed entrano nella nazionale di San Marino
PASSA IL TRE ALLA PRIMA MANO: E’ STRAGE AL TORNEO DI BRISCOLA.
ULTRA’ PRENDE LA TERZA MEDIA: ESPULSO DALLA CURVA
"SIENA, LA CHIOCCIOLA OFFENDE LA TARTUCA: CHIUSA LA CONTRADA PER RAZZISMO TERRITORIALE"
CICLISTA AMATORIALE SI METTE IN FILA INDIANA: RADIATO
Nasce specializzazione in “Preparatore di ciclisti” alla facoltà di Chimica Farmaceutica
"SVOLTA NELLA FERRARI: VIA ALONSO, ECCO JORGE MARIO BERGOGLIO"
Il Paris Saint Germain offre 70 milioni di euro per il giardiniere di Lotito
"IL BAYERN VUOLE GUAPEROZZI, BOMBER DELLA TRIBBIANESE"
ESCE DAL GARAGE: FUORI PISTA DI FELIPE MASSA
Squalificati corridori del giro d’Italia: usavano biciclette elettriche
ALPINISMO SHOCK: IL PRIMO UOMO SULL’EVEREST FU MAOMETTO
OLIMPIADI DEI GIORNALISTI: ORO ITALIANO NELLE GIUSTIFICAZIONI
NUOVO RECORD DI BRUMOTTI: PERIPLO DELLA TAZZA DEL CESSO SULLA RUOTA ANTERIORE
"CONFEDERATIONS CUP: BALOTELLI A CASA, PRANDELLI CERCA SOSTITUTA DI FANNY"
"QUIRICO CUOMI QUEICHIUI POSITIVO AL DOPING, MONDO DELLO SCIOGLILINGUA SOTTO SHOCK"
PARLA IL PADRE DI CAVANI: “MIO FIGLIO VUOLE SOLO LA CASERTANA”
"Nasce equifanta, agenzia di recupero crediti per il Fantacalcio"
"La Fifa boccia i campanacci, a Brasile 2014 lo strumento ufficiale sarà pianoforte a coda"
"Firenze, padre-orco: costringeva figlia a tifare per la Juve"
Felipe Massa perde due posizioni nella fila alla cassa
Segna l’1-4 ed esulta togliendosi la maglia: linciato dai suoi tifosi
"Partita dei Pulcini finisce in rissa, sei in prognosi riservata"
STRAMACCIONI PERDE L’ENNESIMA PARTITA E VIENE NOMINATO SEGRETARIO DEL PD
Si è svolto in Veneto il primo campionato del mondo di etilometro
"CALCIO, PRESIDENTE PALERMO ZAMPARINI SI LICENZIA E POI SI RIASSUME"
JOSEPH RATZINGER CORRERÀ NEL MONDIALE DI F1 CON LA FERRARI
ARBITRO TIENE CONTO DEI REPLAY: PARTITA DI CALCIO FINISCE 76 A 38
"A UN ANNO DALLA SUA SCOMPARSA, IL VOLTO DI MOSCONI COMPARE SU UNA PORTA"
"Lutto nel mondo del calcio: morto Julian Ross, il cardiopatico di Holly e Benji"
PARTITA DI CALCIO TRA CANI SOSPESA PER CORI RAZZISTI
Presidente FIGC interviene a sedare lite violenta per il fantacalcio
"Conte sgozza un guardalinee, Agnelli minimizza, Marotta: “Era napoletano”"
