"Aumento suicidi, l’OMS: “Fatelo correttamente per evitare sovraffollamento ospedali”"
“Sono guarito dal Covid ma nessuno mi nota più”. Parla il paziente curato con il plasma di Zingaretti
Sorvegliante di supermercato sbaglia tasca e prende la temperatura ai clienti usando il taser
Dura presa di posizione di Salvini al decreto di 464 pagine: “Aspetterò che esca il film”
"Germania, tracce di Covid nell’acqua: governo invita a farla bollire prima di buttare la pasta"
"Musica, in arrivo le cuffie che funzionano senza appoggiarci le mani"
"Ginevra, usava LHC per organizzare corse clandestine tra particelle: arrestato fisico del CERN"
"Silvia Romano, parlano i rapitori: “Siamo preoccupati per la sua sorte in Italia”"
Lombardia oltre i 1000 contagi ma gli esperti rassicurano: “È solo un gioco di prospettive”
Cristiano Ronaldo per il sociale: spopola il video su come lavarsi le mani dopo aver guidato una Ferrari
Agricoltura. Immigrati saranno regolarizzati nelle ore di lavoro e torneranno clandestini ogni sera
Governo: “Dal 18 maggio riapriranno anche le scuole ma solo per l’ora di religione”
"Silvia Romano convertita all’Islam, Gramellini: “Poteva farsi suora in un convento nostrano”"
Riparte il campionato di calcio: ogni squadra non potrà schierare più di tre giocatori positivi
Per il 18 maggio pronto un piano speciale per la raccolta dei capelli tagliati
Liberata Silvia Romano. Conte: “Però dovrà ripartire dalla fase 1”
"Bonafede lancia le “Scarcerarie”, mafiosi da mandare ai domiciliari decisi su Rousseau"
Riparte il Superenalotto: il montepremi sarà in mascherine
Roberto Burioni vince il David di Donatello come “Miglior virologo protagonista”
COVID-19. Italiani residenti in Germania si contagiano di proposito per perdere senso del gusto
"Istat, dal prossimo mese un italiano su tre farà parte di una task force"
"Dopo Elon Musk, Gianluigi Buffon chiama suo figlio X2 – Over 2,5"
Napoli. Nasce il morto sospeso per consentire a 15 amici di incontrarsi al funerale
Burioni sposta suo laboratorio nello studio di Che tempo che fa per dedicare tempo anche alla ricerca
Maxi operazione Guardia di Finanza: sequestrate 250 mila mascherine a un ipocondriaco
Michelle Hunziker si scusa con Giovanna Botteri proponendola come velina bionda
"“Mi segue pure di notte”, runner denuncia drone per stalking"
Sosia di Kim Jong Un fa uccidere sosia di suo zio
Trump: “Gettarsi nell’olio bollente uccide il coronavirus”
Inspira per errore il Crystal Ball: bimbo di 5 anni rifonda i Pink Floyd
"Armani lancia la linea Zoom: giacca, camicia e mutande"
Maturità. Per il liceo classico sostituita la versione di greco con una conferenza stampa di Conte
Trump: “Ingerire benzina per accelerare la ripresa economica”
Conte invia emoticon alle banche chiedendo più soldi per le imprese
Musica e assembramenti: ripartono in tutta sicurezza i concerti di Paola & Chiara
"Fase 2, il Molise riapre tutto ma nessuno se ne accorge"
Fase 2 in Usa: fissata a settembre la ripresa delle stragi nei college
Istat: il 32% degli italiani spera in un terremoto per poter scendere in strada
Conte precisa: “Se caga mentre vi lavate i denti considerate la partner come congiunta
Schizofrenico denuncia l’amico immaginario perché non mantiene la distanza sociale
Napoli: cambia cognome in Esposito per avere più chance di trovare congiunti
Scienziati smentiscono legame Coronavirus/inquinamento: “Potete respirare lo smog tranquillamente”
Distanziamento sociale. È boom di vendita di limousine
Quest’anno tutti promossi: scuole private denunciano lo Stato per concorrenza sleale
Fase 2. I preti potranno celebrare la messa ma solo per i loro figli
De Luca: “In Campania saranno ammessi solo congiunti da asporto”
"Fase 2, Giuseppe Conte chiarisce: “Si potrà uscire ma restando a casa”"
Pornhub. In arrivo categoria Plexiglass
Corea del Nord. A Kim Jong Un succederà il cane che mangiò suo zio
“Quella volta che lavorai”. Esce in libreria il primo romanzo fantasy di Matteo Salvini
Scoperto nella soffitta di Bruno Vespa un ritratto che fa domande scomode al posto suo
Il Vaticano: Dio non ha fermato il virus perché con le mascherine non si capiscono le preghiere
Feltri radiato dall’ordine degli alcolisti anonimi
"“Quelli al sud sempre inferiori”, Kim Jong Un nomina suo erede Vittorio Feltri"
"“Nessuno stia meglio del nostro leader”: Kim grave, Corea Nord impone a tutti i cittadini di morire"
Fermati in volo paracadutisti che non rispettavano la distanza di sicurezza
Ronaldo lancia linea di figli per allenamenti indoor
"Lezioni online, espulso laureando in informatica che non riusciva a connettersi"
Sospetta polmonite per Al Bano: Cellino San Marco rasa al suolo da un colpo di tosse
Veneto trema per la riapertura a Maggio: “Non ci saranno abbastanza scorte di Aperol”
Multato di 3000 euro l’uomo che era andato in libreria a comprare un libro di Fabio Volo
"“Coronavirus si annida nei testicoli”, e la D’Urso mostra in tv come lavarsi correttamente le palle"
Sky manda in onda conferenza stampa delle 18 di tre giorni prima e nessuno se ne accorge
Mascherina con bocca a culo di gallina prestampata salva la moda dei selfie
Mentana: al TG5 tagliavo la pubblicità alle videocassette che mi mandava Berlusconi
Nuove speranze dai ricercatori: anche il virus si addormenta durante le conferenze stampa del prof. Locatelli
Notaio chiede il bonus di 600 euro più altri 600 per convalidare la transazione
Medicina. Niente più cure contro l’alitosi per agevolare la fase 2
Estate 2020. Si potrà continuare a rompere il cazzo con i racchettoni da un pannello di plexiglass all’altro
Effetto Lockdown: cielo talmente limpido che si può vedere che Dio non c’è
Internet. Dal 3 maggio saranno possibili i collegamenti skype senza librerie alle spalle
Open lancia raccolta fondi per la costruzione di una diga che contenga l’ego di Mentana
"Lombardia, Fontana: “Lanceremo prima la fase 3 e poi la fase 2 per confondere il virus”"
"Covid-19, testato vaccino su tartarughe: i risultati tra 85 anni"
"Chat erotiche, è boom di foto di lievito madre sul cazzo"
"Pio Albergo Trivulzio, direttore sorpreso mentre gettava anziani morti nella tazza del cesso"
Quarantena. I fossi di Livorno tornano limpidi: individuate altre 87 teste di Modigliani
"Coronavirus, Siena. Pensionati di contrade differenti si incontravano clandestinamente per pestarsi"
Si chiama “Prova a guardare nel cassetto” la prima App che aiuta gli uomini a trovare i calzini
In forte aumento il numero di neonati con voglie a forma di parrucchiera
Stazione 15: Gesù risorge e appare agli apostoli con una mascherina FFP3
Stazione 14: Il corpo di Gesù è deposto nel sepolcro assieme agli anziani degli ospizi lombardi
Stazione 13: Gesù viene deposto dalla croce e dichiarato morto CON coronavirus e non PER coronavirus
"Stazione 12: Gesù muore in croce, ma aveva malattie pregresse"
Stazione 11: Gesù inchiodato sulla croce non può tossire nel gomito e infetta i due ladroni
Stazione 10: Gesù è spogliato delle vesti che vengono immediatamente incenerite
Stazione 9: Gesù tossisce per la terza volta e viene intubato
Stazione 8: Gesù consola le donne di Gerusalemme mostrando loro un’immagine di Giuseppe Conte
Stazione 7: Gesù tossisce per la seconda volta e gli viene fatto il tampone
Stazione 6: Santa Veronica asciuga il volto di Gesù e finisce in terapia intensiva
Stazione 5: Simone di Cirene non interviene per non violare il distanziamento sociale
Stazione 4: Gesù incontra sua madre che stava portando a spasso il cane
Stazione 3: Gesù tossisce per la prima volta
"Stazione 2: Gesù è condannato a morte, Ponzio Pilato se ne lava le mani con l’Amuchina gel"
"Stazione 1: Gesù, tradito da Giuda, viene arrestato e multato di 4000 euro"
"Michela Murgia: “Gue Pequeno è un cazzone”, ma nessuno si offende"
Renzi si dichiara vicino al virus per far passare i contagi dal 40% al 4%
Smart working: idraulici costretti a scoparsi solo le proprie mogli
Arabia Saudita: introdotto il primo velo FFP3
Sbaglia a compilare autocertificazione e chiede aiuto a Taormina: condannato all’ergastolo
Messa di Pasqua. Ci si potrà andare solo se accompagnati da Marco Cappato
"Coronavirus, la protesta dei respiriani: “Non ce la facciamo più a mangiare con la mascherina”"
Contadino cinese: “Sono guarito dal coronavirus inculandomi un dalmata”. E Giletti lo invita in trasmissione
Cina: consentito portare a passeggio i cani prima di cucinarli
"“Trovato, è a casa”. Puntata di “Chi l’ha visto?” dura cinque minuti"
Viktor Orban si fa prendere la mano e abolisce anche la legge di gravità
Antropologo scopre popolazione che sopravvive senza lievito
"Molise, sviluppata app ipertecnologica per monitorare i contagi"
"Coronavirus. Serie A, 3 settimane senza sconfitte. È festa in casa Milan"
Primi test per il ventilatore polmonare della Ferrari: da 0 a 100 respiri in meno di 3 secondi
Coronavirus. Conte a Papa Francesco: “Vuoi che ci parli io con Lui?”
Madonna appare in Piazza San Pietro: “Gli altri giorni non trovavo parcheggio”
Quarantena. Fassino ingrassato di 18 grammi
"Non è l’Arena, in studio con Giletti la salma di Luigi Di Bella"
"Coronavirus, nuovo decreto: l’autocertificazione dovrà essere firmata col sangue"
Tg Leonardo: l’apericena è nata da un esperimento in laboratorio
"Coronavirus, negazionista indossa mascherina bucata"
Positivo alla peste uno degli uomini che ha trasportato il crocifisso della chiesa di San Marcello
"Lucia Borgonzoni si difende: “Mi sposto a Roma, ma tanto è sempre in Emilia Romagna”"
Azienda produttrice di sex toys converte vagina artificiale in respiratore
Su Youtube fuorionda di Salvini in cui non fa lo sciacallo
Oms spiega i contagi in crescita: “Anche i virus alle 18 si riuniscono sui balconi”
OMS: “Virus pericoloso anche per i vecchi dentro”
"“Mi hanno ordinato su Amazon”, fermato uomo per strada travestito da stampante"
"“Il vero virus è l’ignoranza!”, ed esce uno studio di Nature che smonta anche questa ipotesi"
Burioni avverte: “L’autocertificazione sta già mutando in un nuovo ceppo”
Renzi: “Col sì al referendum l’emergenza sarebbe già conclusa”
"Coronavirus, gli ospedali calabresi saranno riconvertiti in ospedali"
Nuova ordinanza regionale di De Luca: “Da oggi i positivi verranno catapultati in altre regioni”
Entra in una banca a volto scoperto e gli sparano
Coronavirus. De Luca: “Chi si contagia andando in chiesa verrà curato solo con le preghiere”
La Lega dona 49 milioni alla ricerca ma tra 80 anni
Boris Johnson positivo: “Abituatevi all’idea di perdere anche chi non vi è caro”
Coronavirus. Anche i pensieri erotici su Giuseppe Conte dovranno mantenere la distanza di un metro
Coronavirus in Spagna: catalani chiedono un ceppo separato
"Coronavirus, gli arrotini si adeguano: “Donne, compiliamo le vostre autocertificazioni”"
"Coronavirus, Tinder introduce il pulsante “Ti trombo dopo la quarantena”"
Benedetta Rossi lancia il programma: “Fatto in quarantena per voi”
“Forse non ha capito bene”. Papa Francesco chiede di nuovo a Dio di fermare l’epidemia
Coronavirus. Infermiere si traveste da giocatore della Juventus e riesce a farsi fare il tampone
"Coronavirus, Salvini: «Bloccare categoria ‘Interracial’ su Pornhub»"
Napoli: Boom di balconi abusivi
Repubblica Ceca sequestra tre medici cubani destinati all’Italia
Olimpiadi di Tokio. Ok del CIO per discipline Cyclette e Tapis Roulant
"Coronavirus, cresce la preoccupazione tra i francesi: “Per quanto ancora dovremo lavarci?”"
Cade dal balcone e si frattura due gambe mentre appende lo striscione “Andrà tutto bene”
"Coronavirus, Renzi mantiene la distanza di 2 metri di sicurezza dalla coerenza"
Il Coronavirus infetta quattro africani e supera la Lega nei sondaggi
Coronavirus: cane esausto abbandona padrone sull’autostrada
Conte introduce la sega solidale: “Ragazze mandino foto delle tette agli amici a casa”
Trump compra 500 mila messicani sani per migliorare le statistiche USA
Silvio Berlusconi positivo al coronavirus ma va in quarantena un suo prestanome
Covid-19. Studioso texano scopre che il virus muore sparandogli con una calibro 9
Coronavirus. In forte aumento le coppie che si convertono al BDSM per poter uscire a passeggiare
Topo d’appartamento svaligia casa sua per tenersi in allenamento
Coronavirus. Post in cui si dice “ci vorrebbe un asteroide” in calo del 97%
Riunione di condominio via skype finisce a botte lo stesso
"“Esco a comprare le sigarette”, e la moglie non lo fa più rientrare"
Nuove indicazioni del Ministero della Salute: “La spesa va fatta prendendo tutto con i gomiti”
Coronavirus. Si terrà in videoconferenza il concorso Miss Tuta di Pile
Nuova ordinanza: la polizia potrà prendere visione del vostro contapassi
Si travestono da Papa con la scorta per uscire senza essere fermati
Convince la figlia a prendere il vizio del fumo per avere una scusa in più per uscire di casa
Coronavirus. Vede un’altra persona sul marciapiede e per evitarla si butta sotto un TIR
Comune trasmette colpi di tosse in filodiffusione per far rientrare la gente in casa
Testimoni confermano: Attilio Fontana è così anche senza l’emergenza Coronavirus
Boris Johnson invita gli inglesi a sputarsi in faccia per accelerare l’immunità di gregge
Cardinal Bertone fermato senza autocertificazione mentre si recava in soggiorno
Coronavirus. Salvini irremovibile:  “Socchiudere tutto”
Salvini lancia appello agli italiani chiusi in casa: “Resistete all’impulso di leggere”
"Smart working, grossi problemi per le banche del seme"
Diletta Leotta fa 8 giorni di diretta fb senza reggiseno e blocca il contagio
Santa Sede: “Nei casi più gravi consentito bestemmiare nel gomito”
Distanza di sicurezza per il Coronavirus: in vendita a Napoli i metri lunghi 70 cm
"Coronavirus in USA, Messico chiede a Trump di velocizzare la costruzione del muro"
"Milano, studente di Ingegneria viene messo in isolamento e migliora la sua vita sociale"
Governo verso la nomina di Bertolaso a Commissario Straordinario: “Garantirà riapertura centri massaggi”
"Coronavirus, nessun divieto per le cene di lavoro della “Me stesso”"
"Codogno, hipster si ammala di febbre suina"
Scopre di avere una famiglia solo dopo essere stato aggiunto nel gruppo Whatsapp
"Coronavirus, Stati Uniti bloccano il contagio portando il prezzo del tampone a 10mila dollari"
"Soliti Ignoti, l’ignoto numero 2 conferma di essere uno spacciatore e viene arrestato"
"Coronavirus, i due marò chiedono di poter tornare in India"
Coronavirus di Zingaretti si scinde in due ceppi
Coronavirus. Per evitare facili contagi Facebook vieta i profili di coppia
Milano. Sgominato mercato nero degli abbracci
"Napoli, inaugurata la prima Rage Room arredata come un pronto soccorso"
Carabinieri scovano bunker di un boss mafioso ma dentro ci trovano un ipocondriaco
Radiato virologo che non ha rilasciato interviste
Calciatore starnutisce sul pallone e segna 27 goal
Coronavirus rinviato a causa di un concerto di Povia
Guardia costiera libica respinge gondola
La Lega rivendica la chiusura delle scuole: “Era nel nostro programma da anni”
35enne muore per Coronavirus dopo essere stato ucciso in una sparatoria
"Italia, organizzato il primo campionato di lotta nel fango tra virologi"
"Coronavirus, non si potranno mandare email a più di tre destinatari"
Coronavirus. Napoli: formiche del San Giovanni Bosco disponibili al doppio turno
Coronavirus. In vendita a Milano le prime mascherine per continuare a pippare in sicurezza
Indica la Lombardia durante l’ora di Geografia: bimbo in quarantena fino al 15 marzo
La frase “Oggi mi sento asintomatico” votata scusa migliore per disertare qualsiasi impegno
"Coronavirus, astronauta italiano infetta una famiglia di alieni"
Mauro Corona si lava le mani e scopre che gli mancano 3 dita
"Coronavirus, arrestati ragazzi che lanciavano tamponi positivi dal cavalcavia"
Collaboratrice di Attilio Fontana trovata positiva ad Attilio Fontana
"Coronavirus, da oggi dipendenti pubblici potranno giocare al Solitario da casa"
"Cina, ricercatore rivela: “Contagio potrebbe diminuire usando un tampone diverso per ogni paziente”"
"Scopa con una modella lombarda, al mattino sullo specchio trova scritto “Benvenuto nel Coronavirus”"
"Coronavirus, Codogno ricoperta con una mascherina gigante"
"Coronavirus, il Molise mette in quarantena tutti quelli che provengono dalla realtà"
"Coronavirus, la Mafia attiva servizio online per il pagamento del pizzo"
"Carnevale, impazza il costume da “paziente zero”"
Alessandro Di Battista si farà contagiare dal Coronavirus ma alle sue condizioni
62enne batte record di durata nel Plank ma era solo colpo della strega
Partita di calcio tra Potere al Popolo e Sardine finisce -1 a -1
Italiano ruba per ricordo pilastro portante dell’albergo
"Autostrade, brevettata cassa automatica che ricambia i vaffanculo degli automobilisti"
Cassazione: “Vali come il docente di ginnastica in sede di scrutini finali” è ingiuria
"Coronavirus, Prada lancia la sua linea di ciabatte sanitarie"
“Basta svastiche a cazzo!” Studio di grafici di destra apre corso di iconografia nazista
"Prato, cinesi in quarantena inaugurano un nuovo ristorante"
Ministero della salute: “Munirvi di mascherina non vi autorizza a scorreggiare in ascensore”
"Coronavirus, Salvini brucia la felpa con scritto Codogno"
Ricerca rivela: presentarsi adesso con il regalo di San Valentino potrebbe farla incazzare
"“Come sei sciupata! Mangia!”, Elodie accusa di body shaming sua nonna"
"Aborto, Salvini mostra al suo comizio una bambola gonfiabile incinta"
Viareggio. Carro di carnevale dedicato ai Benetton crolla dopo 10 metri
Società. 2 persone su 3 intraprendono una relazione per avere qualcuno con cui piegare le lenzuola
Saldi. Cade a terra la targhetta ‘Offerta’: clienti del supermercato prendono d’assalto le piastrelle
Napoli. Segnalato parcheggiatore abusivo di aerei allo scalo di Capodichino
Cassazione conferma: “Chi twitta #iostoconsalvini dovrà seguirlo in carcere in caso di condanna”
Scienziati rivelano: “Siamo ad un passo dallo spiegare il perché dell’esistenza di Calenda”
Medico della Juventus prova i riflessi di Douglas Costa con il martelletto e gli frantuma la rotula
Coronavirus. Presidente dell’Inter Zhang va negli spogliatoi per salutare i giocatori ma non trova nessuno
Entro il 2030 gli esseri umani useranno il 76% della loro memoria per ricordare password
"Bambino torna sano e salvo da Wuhan, ma si prende il morbillo dal figlio di due novax"
Parla il 17enne italiano rimasto a Wuhan: “Fatemi tornare a casa ma dopo Sanremo”
Urla “Misogino” al marito e Alexa sintonizza la tv su Sanremo
"Psicosi di massa, a ruba i tappi per le orecchie per proteggersi da Sanremo"
Amadeus definisce “Bellissima” pure Achille Lauro
Chiede d’entrare nel Fan Club di Schrödinger: la sua domanda è accolta e respinta allo stesso tempo
"Roma, delegazione del Partito Radicale fa visita al Coronavirus isolato"
Polemiche al raduno dei nostalgici: “Era meglio quello dell’anno scorso”
"Sanremo, Amadeus: “Polemiche non mi hanno ferito, non sono mica una donna”"
Diletta Leotta: “La bellezza è una cosa che càpita”. E il chirurgo le chiede indietro tette e culo
Tiziano Ferro ha deciso: “Compenso di Sanremo sarà devoluto alle vittime di Sanremo”
"Fitness, italiani più in forma da quando allungano la strada per evitare i cinesi"
"Sanremo, Amadeus precipita dal palco. Salve tutte le conduttrici"
"Sanremo, televoto chiede scambio abiti Achille Lauro-Diletta Leotta"
"“Meglio stare sicuri”, messo in quarantena anche Sergio Cofferati"
"Treviso, revisionista tributario sostiene che le tasse non siano mai esistite"
Coronavirus. Cinese rapina una banca minacciando di starnutire
"Ricoverato in Calabria per sospetto Coronavirus, muore per altre 7 infezioni contratte in ospedale"
"Ricoverato in Calabria per sospetto Coronavirus, muore per altre 7 infezioni contratte in ospedale"
Economia. Scoperto un evento che non spaventa le Borse
Cacciari chiude con Otto e Mezzo: “Voglio incazzarmi in un programma tutto mio”
"Catanzaro, rientrato a casa l’uomo che era andato a fare due passi per smaltire il pranzo di Natale"
"Incendio sul set di un film porno, le attrici lo spengono squirtando sulle fiamme"
La mamma parcheggia a dieci metri dalla scuola: bambino muore assiderato nel tragitto
Di Maio attacca Crimi: “In meno di una settimana hai distrutto il M5S”
Immunologo pizzicato in un centro massaggi cinese si difende: “Stavo studiando il coronavirus”
Donna cinese partorisce dopo 10 giorni di gravidanza
"Emilia Romagna, Movimento Novax si ferma allo 0,5%: “Alcuni nostri elettori sono morti nel frattempo”"
"Regionali, il 56% degli elettori ha scoperto che si votava anche in Calabria"
Emilia-Romagna. Lucia Borgonzoni al seggio: “Non conosco la nostra candidata ma mi fido di Salvini”
Mattia Santori sorpreso a fissare un menu per ore si giustifica: “Per ora so cosa non voglio!”
PD. Bonaccini: “Mi dispiacerebbe interrompere la striscia di sconfitte”
Roma. Accende la candela di Gwyneth Paltrow e i gabbiani gli invadono casa
"Iniziato da un mese il raduno dei logorroici, ancora in corso il saluto introduttivo"
"Riforma della giustizia, introdotto il processo via citofono"
Verona. Si inaugura Via Almirante e dopo una settimana sparisce Via Matteotti
Nuovi guai per Berlusconi: dimentica in auto la sua nuova fidanzata
Anagrafe: dal prossimo anno per lo stato di famiglia sarà sufficiente adesivo sul lunotto dell’auto
Salvini svela perché era sempre assente dal Parlamento Europeo: “Avevo paura di incontrare Elly Schlein”
"“C’è una bolletta da pagare”, postino semina il panico nella sede di Casapound"
Profili fake di Luca Morisi non si riconoscono e si segnalano a vicenda
Impresa edile organizza Rage Room per risparmiare sulle demolizioni
Rapinatori assaltano Banca Popolare di Bari e perdono settemila euro
"Palestra, non sono gli esercizi a far aumentare la massa ma il rimettere i pesi nella rastrelliera"
"Napoli, rubate le mazze per sfogarsi nella nuova Rage Room"
Cantante trapper mammone si tatua maglietta della salute
"Emilia-Romagna, scoperto leghista che sa chi sia la donna che ogni tanto compare sui manifesti accanto a Salvini"
"Sanremo, Amadeus: “Donne canteranno dopo le 23:00 per avere il tempo di sparecchiare”"
Anche Zingaretti lancia la propria linea di candele all’aroma di sfiga
Chirurgia. Riuscito il primo trapianto di tatuaggio
Oscar 2020: Lucia Borgonzoni in lizza come miglior candidata non protagonista
Secondo uno studio dell’Università di Cambridge gli studi di Oxford sono tutte cazzate
Matteo Salvini lancia campagna contro le fake news ma era una fake news
Australia. Trova un koala e lo bruciacchia per far credere di averlo salvato dall’incendio
"“Là le urne di domenica sono aperte”, elettori leghisti dell’Emilia-Romagna andranno a votare in Veneto"
"Plagi nella tesi di laurea, il ministro Lucia Azzolina copia le scuse di Marianna Madia"
"Milano, al via la Fashion week: sindaco Sala lancia l’allerta vomito"
"Australia, Chiara Ferragni dona 10 bottigliette della sua acqua per aiutare a spegnere gli incendi"
Le fidanzate di Berlusconi contro l’obsolescenza programmata
Roberto Farnesi riceve lettera dall’Agenzia delle Entrate e scopre una nuova espressione facciale
Filtri delle foto di Giorgia Meloni passano al Gruppo Misto
"Giustizia, Cappato assolto anche dall’accusa di essere stato nello stesso partito con Capezzone"
Partigiano si sveglia di soprassalto dal coma ascoltando un discorso di Giorgia Meloni
Sanità: ridotti i tempi di attesa per le diagnosi su Google
Cittadino qualunque non si autonomina Presidente del Venezuela e viene nominato Presidente del Venezuela
Matteo Salvini si cambia il nome in Nuovo Matteo Salvini per non pagare gli alimenti alle ex
"“Di Maio lo avvertite voi!” “No, voi!” Aumenta ancora la tensione tra USA e Iran"
"Napoli, aperto pronto soccorso dedicato alle vittime delle aggressioni al pronto soccorso"
Di Battista vola in Iran per costruire uno scudo antimissilistico in legno
"Sesso ascellare, in arrivo i primi dildo"
Cassazione: fare maratone di serie tv senza il partner è equiparabile al tradimento
"Non sa suonare nessuno strumento, chirurghi si rifiutano di operarlo al cervello"
Eroinomane realizza di non aver cominciato con le droghe leggere e smette
Il PD apre alle sardine e subito il movimento si scinde in sardine sott’olio e sardine sotto sale
Ricerca svela: “Dinosauri estinti perchè non sapevano parlare al ceto moderato”
Documentario su Trenitalia spostato da Rai1 a Rai3 e poi cancellato
Proposta Lega: “Liliana Segre paghi TARI in tutti i comuni in cui è cittadina onoraria”
Età: la migliore generazione è quella che non rompe il cazzo su quale sia la migliore generazione
Proposta Lega: “Liliana Segre paghi TARI in tutti i comuni in cui è cittadina onoraria”
Minacce a Boris Johnson: recapitata busta contenente un pettine
Abbandonato il primo seggiolino anti-abbandono
"Malasanità, urologo dimentica l’indice nel culo di un paziente"
"Roma, ripristinata buca sulla Salaria che era stata tappata per sbaglio"
Serial killer ecologista promette che non userà più fascette di plastica per immobilizzare le sue vittime
"USA, scandalo in Ohio: ragazza sposa il cugino invece del fratello"
Inserviente del MoMA rivela: “Di notte scambio le targhette alle opere ma nessuno se ne accorge”
Falsario prova a replicare la banana di Cattelan ma non riesce a trovare l’inizio dello scotch
“Userò solo social network italiani!” Matteo Salvini sparisce dal web
“Userò solo social network italiani!” Matteo Salvini sparisce dal web
"Tecnologia. Flop per l’ultima invenzione di Elon Musk, il visore notturno a energia solare"
Sondaggi: Virginia Raggi è il miglior sindaco donna mai avuto a Roma
"“Non sono dopato”, martellista russo protesta lanciando autoarticolato contro sede Cio"
"Roma, corteo operaio ottiene il patrocinio del WWF"
Riesce a compilare una fattura elettronica al primo colpo e viene nominato alla guida del CERN
"Zecchino d’oro. Trionfa Luigino con la canzone “Aprite, mi avete dimenticato in macchina”"
"Nuova gaffe di Lucia Annunziata, chiama Zingaretti “leader della sinistra”"
Illusionista fa sparire cinque smart nello stesso posto auto
Chiara Biasi si alza dal letto per 2 pacchi di Nutella Biscuits
Operatore di call center batte il cliente in velocità e lo manda affanculo per primo
Segnalato il primo caso di uomo che scopa una donna dopo averle mandato il cazzo in chat
Lotta alla disoccupazione. Entro fine 2020 verranno lanciati 300 nuovi reality show
"Neonazismo, scoperto il milionesimo caso isolato"
Non riesce a fare l’accento dell’Est Europa: licenziata operatrice di un call center
"MES, Salvini confessa: “È una materia difficile, non ricordo più su quali parti ho mentito”"
"Consigliere leghista si arruola nella Legione Straniera, ma poi si accorge che è straniera"
Facebook. Da domani sarà obbligatorio ringraziare uno per uno tutti quelli che ti fanno gli auguri
"“Heil Hitler”, è polemica per il titolo del Corriere dello Sport sul posticipo della Bundesliga"
Huawei annuncia nuovo smartphone con fotocamera in grado di rendere fotogenico qualsiasi cazzo
Huawei annuncia nuovo smartphone con fotocamera in grado di rendere fotogenico qualsiasi cazzo
Ezio Greggio rifiuta cattedra all’Università di Siena
Moglie di Mario Giordano svela il segreto della durata del loro rapporto: “Sono sorda”
Matteo Salvini risponde precisamente a una domanda che gli era stata posta
"Maltempo, Giorgia Meloni si scaglia contro chi ha costruito i fiumi così vicino alle città"
"Conte ai veneziani: “Nessuno resterà solo, vi dimenticheremo a gruppi di cinque”"
Paolo Brosio assolve Papa Francesco
“Spara troppe cazzate”. Diego Fusaro allontanato da un convegno di terrapiattisti
Segue la freccia del nuovo partito di Calenda e finisce in bagno
"Global warming, in futuro gli animali andranno in letargo per 20 minuti"
"Liechtenstein, TG visto da 57 persone raggiunge il 98% di share"
Appassionato di yoga fa il saluto al Sole ma il Sole lo manda a cagare
"Venezia, acqua alta fa riemergere spettatore ancora in botta per il concerto dei Pink Floyd"
In vendita lo yogurt prodotto con il latte alle ginocchia causato dai monologhi di Gramellini
Dopo una contrattazione durata 13 anni Wladimiro Tallini riporta la Gioconda in Italia
Governo trova soluzione per Alitalia: “Affitteremo gli aerei ai cartelli della droga”
Libro di Carola Rackete sfiora libro sulla guardia costiera
Montecitorio. Già presentati oltre 5.000 emendamenti alla proposta di nozze dell’Onorevole Di Muro
Arrestato falso soccorritore: faceva respirazione bocca a bocca a donne pienamente coscienti
Masochista legge la classifica della qualità della vita e da Trento si trasferisce a Taranto
"Biennale di Venezia, pompieri spengono un incendio, ma era un’opera d’arte"
"Rai, censurata la notizia della morte dell’addetto alla censura"
"Faceva pagare un ticket ai soccorritori, bufera sul sindaco di Venezia"
"Emilia Romagna, Salvini promette ai pensionati cantieri aperti anche nel weekend"
"Roma, automobilista rallenta per far passare un pedone sulle strisce: candidato al Nobel per la Pace"
Salvini assume altri cinque giratori di frittata
Giorgia Meloni spara a un estraneo in casa: ma aveva sbagliato di nuovo piano
"Sentenza Cucchi, Salvini chiederà scusa alla famiglia in comode rate di 80 anni"
Roma. Buca di Piazza Venezia promossa a cantiere della metro C
"La Russa visita caserma, Carabinieri si difendono: “Era già così quando è arrivato”"
Inizia la paleodieta e non riesce più a controllare il fuoco
"Verona, donna di colore partorisce allo stadio: la società regala al figlio fornitura di insulti a vita"
"Napoli, ragazzino lancia gavettone contro finestra del municipio: De Magistris dirama l’allerta meteo"
Salvini si reca in Norvegia per risolvere l’emergenza degli ospedali chiusi per 6 mesi l’anno
Global warming. Annunciata la prima bomba nucleare eco-friendly
Scienza: “L’universo ha sempre una risposta a tutto ma solo se ti iscrivi alla newsletter”
Antropologia. Scoperta in Amazzonia una tribù che usa Microsoft Edge
"Zaia finisce il gel, a rischio l’indipendenza del Veneto"
Fabrizio Corona rimesso in carcere sulla fiducia
“Ho iniziato dal garage di casa”. Parla il tizio diventato milionario affittando garage
“Ho iniziato dal garage di casa”. Parla il tizio diventato milionario affittando garage
Piazza San Marco: bar fa pagare 2 euro l’acqua alta al tavolino
"Venezia, visita a sorpresa di Matteo Salvini con la divisa da palombaro della Marina"
Bimbo arriva sano all’asilo grazie al seggiolino antiabbandono ma muore sotto il crollo del tetto
Suona il pianoforte in aeroporto e incanta tutti i presenti ma perde il volo
Cardinal Ruini si iscrive agli ultras del Verona
Cerca su Google “Del Debbio” e “deontologia” nella stessa frase e gli esplode il pc
Anziano chiama il 112: “Ci sono fascisti dal vicino!”. Ma era la TV sintonizzata su Rete4
Tendenze. “Non sono razzista ma” sostituito da “Con tutto il rispetto per la signora Segre”
Ultras del Verona condannano coro razzista: “Era stonato”
"Salvini: “Io come la Segre”, poi mostra timbro del Papeete sul braccio"
"“Se è porno, tolgo”, admin di PornHub rimuove l’intero database"
"Tassa su cartine e filtri, biglietto della metro arriva a 3€"
Abbandona il figlio in auto per andare a comprare il seggiolino anti abbandono
Coca-Cola rende segreta la tassa da pagare sulle bibite zuccherate
ISIS ingaggia campione del mondo di puzzle per ricomporre Al-Baghdadi
"Chirurgia, 20enne si invecchia come Briatore per trombarsi una coetanea"
Marattin rivela: “Aboliamo l’anonimato in rete così finalmente scoprirò chi è fragolina89”
Accorpate Quota 100 e Bonus famiglia: pensione solo per chi avrà 100 figli
"Sondaggi: per il 60% degli italiani questo governo fa cagare come il precedente, ma almeno lì c’era Toninelli"
Non riesce a tenere il braccio teso: fascista con la tendinite espulso da Casa Pound
"Stonato l’inno di Mameli, imbarazzo per la Nazionale italiana cantanti"
Halloween. Boom di vendite per il costume da uomo che dà consigli non richiesti
Lucca Comics. Nuova ordinanza: i cosplay di Joker circoleranno a giorni alterni
"Non urinava da settimane, guarito miracolosamente. Allagamenti segnalati in tutta Lourdes"
I cittadini umbri si giustificano: “Abbiamo sempre votato per partiti filorussi”
Bambino mangia intera scatola di pastelli e crea il primo pannolino Desigual
Shock a ‘I Soliti Ignoti’: tra i personaggi misteriosi anche Matteo Messina Denaro
"Umbria, alleanza Pd-M5s potrà usufruire dei fondi per i terremotati"
Prende un gratta e vinci di RyanAir e vince 5 kg di bagaglio extra a vita
"Muratore al lavoro si china ma non gli si vede il culo, licenziato"
Identificata la coppia di piedi sospettata di aver scritto alcuni articoli di “Open”
“Si sono intrufolati in casa”. Cassano chiama la polizia dopo aver rinvenuto un libro in salotto
"Bari, inaugurato il primo museo delle chiavi di auto rubate"
"Melevisione: polemiche per l’introduzione di Pio Rubli, il sovranista del Fantabosco"
"Veneto. Acqua al posto della grappa, uomo sottoposto a lavanda gastrica"
"Brexit, raggiunto l’accordo. “Il Regno Unito potrà uscire dall’Europa ma solo il sabato sera”"
Tenta il suicidio con una corda da bungee jumping: muore battendo 17 volte il cranio sul soffitto
"Roma, terrorista ruba un autobus ma prende fuoco prima di compiere l’attentato"
"Leopolda, addetto pulizie trova uno slogan sul muro del bagno e fonda nuovo partito"
"Addio a Bruno, l’orso che strappava i jeans per le case di moda italiane"
Mamma va a prendere il bambino a scuola senza suv e non glielo restituiscono
Solidarietà. La Finlandia presenta la sua nazionale cantanti
Chiusa Spa a luci rosse grazie al lavoro degli infiltrati durato 9 anni
"Angelus, Papa Francesco dimentica di dire “pregate per me” e il giorno dopo muore"
Tribunale dei minori sgonfia il caso: il ‘sistema Bibbiano’ diventerà un gioco da tavolo
"Problemi alla voce per Mario Giordano, trasportato d’urgenza in liuteria"
Leopolda. Matteo Renzi scopre che ci sono altri relatori e annulla la manifestazione
Realizzata la prima lampada intelligente che si accende quando nei paraggi c’è Barbara D’Urso
Di Maio contro la Turchia: “Gli venderemo solo bombe già esplose”
"Porta a porta, questa sera faccia a faccia tra Matteo Salvini e il Matteo Salvini del 2006"
“È stata un’esperienza terribile”. Parla il malore avuto da Salvini
Marco Cappato aiuta un adolescente a chiudere l’account Instagram
"Macerata. Perde il controllo dell’auto, finisce in un burrone ma non trova comunque parcheggio"
"Malore per Salvini, i medici escludono la denutrizione"
"Rai, confronto tv Salvini-Renzi sfocia in puntata de “L’Eredità”"
Anziani abbandonano cantieri per osservare interventi estetici di Nina Moric
"Scienza. Anche i gatti trovano il tartufo, però poi se lo tengono"
Scoperta la patologia che costringe a scrivere “BELLISSIMI” sotto ogni foto di coppia
Uomo rimane bloccato in ascensore con Mauro Corona e stabilisce il record del mondo di apnea
Il Governo annuncia: “Da oggi muoversi con i mezzi a Roma sarà considerato lavoro usurante”
Arriva inasprimento del taglio parlamentari: “Dimezzare aspettativa di vita dei senatori a vita”
"Taglio parlamentari, le poltrone che avanzano verranno rubate da Barbareschi"
Di Maio si confonde e vola in Egitto per chiedere verità su Bibbiano
"Trump: “Niente aiuti all’Africa, nel XVIII secolo ci inviò schiavi pigri”"
Virginia Raggi contenta: “I disservizi della Metro compiono 64 anni”
Venduta all’asta catena di Sant’Antonio
Caseificio napoletano inventa l’emmental composto solo di buchi
Haters di Greta Thunberg accusano: “Dietro di lei un complotto per salvare il pianeta”
"Svizzera, fermata baby gang che gettava cartacce dai cavalcavia"
Ragazza esagera con i jeans a vita alta e muore strangolata
"Farmaci omeopatici finalmente detraibili fino allo 0,000000001% dell’imponibile IRPEF"
Polizia brutale ad Hong Kong: dopo gli spari diffonde musica neomelodica a tutto volume
Profezie: Putin rivela data di morte ad una sua contestatrice
Nasce su Focus Junior la nuova rubrica “La scienza spiegata a Zichichi”
Squalificato per doping il ciclista che ha vinto la tappa con una cyclette
Casini frequenta uno stage ai box Ferrari per imparare a cambiare partito più velocemente
Auto rubata non finisce in Puglia: la Regione chiede scusa
Tabacci esce da +Europa e si porta via il “+”
Modella ecologista vomita e rimangia il suo pranzo
Bologna. In esclusiva la prima immagine del tortellino dell’integrazione
Tabacci esce da +Europa e si porta via il “+”
Modella ecologista vomita e rimangia il suo pranzo
"Varo della nave con una Smart al posto della bottiglia, nei guai Balotelli"
Scoperta una razza di cicale che per rompere i coglioni suona la trap
X Factor. I NO di Sferaebbasta valgono come SI
"“Nei film vanno tutti via senza pagarci”, sindacato dei tassisti fa causa a Hollywood"
"Gender gap, Mattel lancia la prima Barbie che guadagna come Ken"
Editoria. Dal libro di Giulia De Lellis sarà tratto un libro
Accordo sulle trasfusioni per i Testimoni di Geova: le sacche di sangue saranno a forma di citofono
Cina: esercito di terracotta entra nel Guinness dei primati come flash mob più antico della storia
Reinhold Messner chiede ad amica “Vuoi salire da me?” e le fa scalare un 8.000
Boom di vendite degli album dei Thegiornalisti dopo il sì della Consulta al suicidio assistito
Spunta partito a cui la Lorenzin si era iscritta anni fa durante una sbronza a Las Vegas
"“Influencer che scrive un libro”, svelata trama del nuovo romanzo di Stephen King"
Gruppo misto raggiunge il 51% e chiede i pieni poteri
Fisico applica Principio d’indeterminazione di Heisenberg ai cambi di partito di Beatrice Lorenzin
Lorenzin si confonde e si dimette da un partito da cui si era dimessa 3 anni fa
Di Maio studia l’inglese e inventa il congiuntivo sassone
"DiMartedì, pubblico in studio ricoverato in ospedale per escoriazioni alle mani"
Renzi fa preparare la famiglia per andare in montagna e poi li porta in vacanza all’Isola d’Elba
Senato: Gianluigi Paragone si sottopone a una dieta per ingrassare e occupare due poltrone
Incidenti sul lavoro: Emanuele Filiberto si sloga una caviglia mentre non sta facendo un cazzo
"“Alexa, fatti una domanda e datti una risposta.” Va in tilt l’Amazon Echo di Marzullo"
Censurata la puntata del Trenino Thomas che non trasmetteva sensi di colpa
Fabio Volo lancia una linea di burqa
Non dorme per un anno e diventa il nuovo cantante dei Radiohead
Mette like su post mentre è alla guida e investe autore del post
Strozzino presta dei soldi al 21% e diventa amministratore delegato di una finanziaria
Renzi tranquillizza i suoi elettori: “Lascio il PD ma resto comunque in Forza Italia”
Strozzino presta dei soldi al 21% e diventa amministratore delegato di una finanziaria
Renzi tranquillizza i suoi elettori: “Lascio il PD ma resto comunque in Forza Italia”
Renzi: “Ho lasciato il Pd perché voglio fallire con un partito tutto nuovo”
"Stati Uniti, nuovo uragano declassato a “dimissioni di Carlo Calenda”"
Ladro acrobata arrestato mentre montava la rete di protezione
Foggiana riempie la casa di libri per non farla prendere in affitto da una leghista
"USA, scoperta microcamera israeliana nascosta negli occhi di Melania Trump"
"Entra in parlamento travestita da Samara, ma in realtà era Paola Taverna"
Psicologo di Bibbiano ammette: “Torturavamo i bambini con le urla registrate di Mario Giordano”
La Cassazione: “Lecito chiedere una settimana di ferie dopo l’asta del Fantacalcio”
Pontida. Servizio di sicurezza usa un sosia di Saviano per distrarre la folla da Gad Lerner
Ronaldo arriva 2 minuti in ritardo all’allenamento e per punizione si fa dare 120 frustate da Sarri
Mamma No Vax si incatena al cancello della scuola dei figli e contrae il tetano
Greta progetta di uccidere il fidanzato per avere un titolo positivo da “Il Giornale”
Ambiente. Scienziato lancia l’allarme: “Siamo a tre Jova Beach Party dall’estinzione”
Ligabue si lancia dal palco durante un concerto e viene preso al volo dagli organizzatori
Salvini si dimentica di non essere più ministro e non va al Viminale
Stephen King annuncia che scriverà un nuovo horror ispirato a un titolo qualsiasi de Il Giornale
"Brexit, Boris Johnson prende in ostaggio il primogenito di Kate e William"
"“È stato come vincere alla lotteria”, parla l’uomo che ha vinto alla lotteria"
Mughini perde la testa e si veste normalmente
Lascia un commento sulla pagina di ‘Liberi e Uguali’ e guadagna il badge di Fan più attivo
Grande successo per la foto di Salvini con la divisa da traslocatore
"“Sei fuori dal giro che conta”, Salvini rimbalzato al Papeete"
Muciaccia spiega la situazione in Amazzonia incendiando il Molise
"Disoccupazione: senza lavoro oltre 300,000 profili fake di Luca Morisi"
Completata la portabilità del governo Conte con un nuovo operatore
Chimico sintetizza la colla più potente al mondo dal sudore del culo di Di Maio
"Accordo di governo, Pd: “Dopo il vicepremier pronti a rinunciare anche agli elettori”"
M5S e PD: “Ci affidiamo al cuore immacolato di Maria Elena”
Pensionato preme per sbaglio un banner sulla Piattaforma Rousseau e si ritrova Ministro dell’Economia
"“È giallo-rosso!” “No, è rosso-giallo!”, Pd e M5S litigano sul colore del nuovo governo"
Luca Parmitano pubblica dallo spazio la foto dei coglioni di Mattarella
Bolsonaro rassicura: “Incendi in Amazzonia si spegneranno grazie allo scioglimento dei ghiacciai”
"Accordo Pd-M5S: no al taglio dei parlamentari, ma saranno scelti più bassi"
Troppi passi indietro: Matteo Salvini ritorna spermatozoo
"Salvini ordina di rimuovere striscione, agente Digos risponde: “Mo’ me lo segno”"
"“Rifarei tutto”: Salvini presenta un’altra mozione di sfiducia, poi ritira anche quella"
Crisi. Mattarella convoca la Beata Vergine Maria
"Tecnologia, rete 5G permetterà di operare a distanza pazienti con tumori causati dal 4G"
"Tecnologia, rete 5G permetterà di operare a distanza pazienti con tumori causati dal 4G"
Di Maio contro la sinistra: “Insopportabile il silenzio su Bibbiano da parte di Pertini”
Di Maio si complimenta con Federica Pellegrini: “Sei sempre la numero zero!”
Pappagallo di Portobello parla per la prima volta: “Bibbiano!”
Autotreno senza adesivo di Padre Pio arriva indenne in Puglia
Scoperto il motivo della lentezza di Vettel: sotto il casco indossa un cappello
"Roma, rivoluzione viabilità: Virginia Raggi pedonalizza i marciapiedi"
"Bibbiano, nuove accuse al sindaco: “Faceva credere ai bambini che il PD fosse ancora al 40%”"
Poliziotto si fruga nelle tasche e trova un dente di un ragazzo della scuola Diaz
Di Maio: “Conteremo i mandati seguendo la sequenza di Fibonacci”
Percorre il Cammino di Santiago al contrario e viene nominato capo di una setta satanica
"Manda la sua foto FaceApp al parroco, bambino evita molestia"
Scoppia scandalo a San Valentino in Abruzzo Citeriore ma nessuno ha voglia di lanciare l’hashtag
Di Maio: “Ho chiesto il faló di confronto immediato con Salvini”
1 italiano su 10 ammette che si stava meglio quando eravamo 1 italiano su 5
Non ci sono abbastanza posti per anziani sul bus: autista costretto a cedere il suo
Trovato un arsenale di cazzate nel garage di Salvini
Nuove polemiche sul live action de La Sirenetta: Ariel sarà doppiata da Mario Giordano
Roma. I concerti di Ligabue saranno usati per sgomberare i palazzi
Ricerca rivela: “Scamarcio? Meglio come attore che come amico”
Ricerca rivela: “Scamarcio? Meglio come attore che come amico”
Salvini prende una multa per divieto di sosta e il Movimento chiede finalmente le dimissioni
Invecchia la foto del figlio con FaceApp e spunta fuori l’idraulico
"Trentino, l’orso M49 uccide lo zoologo che gli ha dato il nome"
"Roma, Camilleri continua a fare più opposizione del PD"
Sequestrato a un gruppo di estrema destra un missile fogna-aria
"Finite le persone da cui ripartire, sinistra italiana nel caos"
"Ryanair, passeggeri ubriachi comprano tutti i profumi di Paco Rabanne"
Ricerca rivela: si può essere bravi fotografi anche senza scrivere Ph dopo il nome
Emergenza rifiuti a Roma. Ama: “I sacchetti con oltre il 75% di organico si potranno adottare”
"Storica Miss Padania si confessa: “Per vincere, ho finto di non essere laureata”"
"Dimentica le uova nell’auto sotto il sole, soccorsi liberano 12 galline in fin di vita"
Notte della Taranta: spettatore riesce a distinguere due canzoni
"Salta operazione antimafia, la polizia: “Non riuscivamo a trovarle un nome fico”"
Scuola. Installati distributori di cazzuole per far riparare i soffitti agli studenti
“Ti do duemila euro se entri al Viminale a lavorare”. Balotelli sfida Salvini
Proprietario di catena di garage: “La mia idea è nata quand’ero dirigente della Apple”
Cassazione: reato sedersi di fronte a un passeggero se sul treno ci sono altri posti liberi
Migrante caduto in mare rifiuta salvataggio di una ONG: “Non volevo far annoiare Di Battista”
Prende una multa mentre va a pagare una multa e inventa la bestemmia ricorsiva
Fisico trova un metodo di calcolo della curvatura spaziotemporale in prossimità di Margot Robbie
"Botanica, parlare alle piante di canapa è inutile: soffrono di deficit di attenzione"
Giovane riesce a rimorchiare a bordo di un’auto elettrica
Medico omeopata rimane ferito sfondando una porta aperta
"Qualità della vita, Roma superata da villaggio cambogiano senza acqua potabile"
"Mondiali di calcio femminile, uomo nudo fa invasione di campo e viene denunciato per molestie sessuali"
Cane di Salvini ogni giorno lo accompagna al lavoro e lo aspetta immobile dalle 11 alle 11:05
Instagram down. Sprecati decine di migliaia di spritz
Musicologo rivela: “Beethoven compose ‘L’inno alla gioia’ dopo un pompino”
Morgan va ad abitare nel pianoforte a coda di X Factor
Salvini perde col figlio a battaglia navale e lo fa arrestare
"Di Maio intervistato su Radio1, la rabbia del M5S: “Non lo inquadravano mai”"
30enne nasconde il reddito di cittadinanza nelle piaghe da decubito
Migranti fanno diretta video con il filtro gattini e vengono subito tratti in salvo
Flixbus lancia i primi pullman con posti adatti anche a chi ha le gambe
Ligabue. Sold out il concerto dentro al Bar Mario
Gli rubano la merenda: Matteo Salvini fa varare un nuovo decreto sicurezza
Di Maio: “Trattato da schizofrenico solo perché ora a favore delle Olimpiadi”. Di Maio: “Non è vero”
"Disoccupazione al 10,99%. L’Istat licenzia 200 dipendenti per fare cifra tonda"
"Roma, ecologista tenta il suicidio ma viene salvato dalle buste di rifiuti sotto casa"
"Medjugorje, apparizione inaspettata di San Giuseppe: “Avete visto mia moglie?”"
"Marte, sonda della NASA capta la presenza di opinioni non richieste di D’Alema"
"Crisi, chiude azienda di strisce depilatorie: Champions League a rischio"
"Arte, vandalo imbratta tela di Pollock ma nessuno se ne accorge"
Istat: il 98% delle persone che amano il caldo lavora al fresco
Montolivo non convocato per la sua partita d’addio al calcio
"Marco Carta, la Procura dispone il sequestro delle corde vocali"
Pescatore di Lampedusa afferma di aver salvato un migrante alto tre metri
Morgan raccoglie tutte le banconote arrotolate sparse per la casa e se la ricompra
"Cubo di Rubik, ragazzo prodigio impiega solo 3 secondi per capire che è un ottimo fermacarte"
Dichiara bancarotta il bar di Venezia che offriva un goccio d’acqua gratis a chi ordinava il caffè
Diventa reato anche chiedere sottovoce le cartine lunghe al tabaccaio
Totti dice addio agli addii
Si finge Thiago Motta per truffare negoziante ma viene fermato da anziano durante la fuga
Annullati i mondiali di scaricabarile. Gli organizzatori: “Colpa di qualcun altro”
Maturità. Prova di matematica: “Trova la funzione di Toninelli”
Economia: anziani rinunciano ad aumento pensione pur di fare approvare lo sblocca cantieri
"Difesa personale, dopo spray al peperoncino legalizzata la salopette"
Ragazzina sente lo squillo del telefono fisso di casa e si spaventa
"Riscaldamento globale, l’iniziativa dei barman: “Metteremo ancora più cubetti di ghiaccio nei cocktail”"
Suicida il fotografo che cercava da anni di ritrarre Nigel Farage con un’espressione normale
"“Clicca e affonda le immagini con migranti”, leghista riesce a risolvere un reCAPTCHA"
Ricerca: gli effetti della cannabis light non bastano per rendere ascoltabile la musica reggae
Keanu Reeves si commuove pensando alle persone che si commuovono per lui
“Non c’era nessuno a cui scroccare il viaggio”. Salta il congresso degli influencer
Fuma 2 kg di marijuana legale per dimenticare Salvini ma non funziona
Venduta su Ebay la webcam con cui il M5S doveva riprendere le riunioni parlamentari
"Cristiano Ronaldo, le accuse di stupro diventano un deodorante"
“Il Big Bang avvenne di mercoledì”. Astrofisico cerca di fare colpo su una collega
Polemiche per la nave MSC Crociere che ha urtato un condominio a Perugia
Sbagliano sempre il suo nome: Banksy cambia il suo nome in Bansky
Riesce a dribblare un volontario che raccoglie firme per strada e viene acquistato dall’Inter
"Genova, si dimentica di agitare il succo prima di berlo: ricoverato in rianimazione"
Veneziani invitano migranti sulle grandi navi perché il governo le tenga lontane dalla laguna
Regista fanatico della Teoria delle Stringhe gira un film in 26D
“Siamo troppi qui dentro!”: annullato il primo raduno di claustrofobici
Scoperto covo delle Brigate Rosse nella barba di Massimo Cacciari
Clown di Emergency fa bubù-settete nel reparto sbagliato: 18 morti in cardiologia
Matteo Salvini prende un anno sabbatico dalle ferie
Improvvisa ondata di battute sul caldo si abbatte sull’Italia
Improvvisa ondata di battute sul caldo si abbatte sull’Italia
"Scontri Genova, poliziotto restituisce pezzo di giornalista"
Primavera confessa: “In Italia non mi hanno fatta entrare”
"Bergamo, tifosi dell’Atalanta demoliscono lo stadio e lo ricostruiscono migliore"
Mauro Corona si tuffa in piscina e crea un nuovo ecosistema
"M5S, Di Maio spiega il crollo elettorale: “Era nel contratto di governo”"
Paziente ottimista mostra al medico il bicchiere mezzo pieno e quello gli diagnostica un’insufficienza renale
"Colori, Pantone lancia il marrone Pillon"
Studio rivela: puoi essere di sinistra anche se non ascolti cantautori fracassa coglioni
"Elezioni europee, Greta Thunberg ci ripensa: “Ma sì, estinguiamoci”"
"Elezioni europee, Greta Thunberg ci ripensa: “Ma sì, estinguiamoci”"
Salvini: “All’Europarlamento farò sentire la mia assenza”
DIGOS scopre covo di Matteo Messina Denaro ma non ci sono striscioni contro Salvini e se ne va
"“Oggi facciamo follie”, gruppo di papaboys si filma in diretta fb mentre salta la messa di domenica"
“Vorrei una vacanza per spegnere il cervello” e il tour operator la manda a un convegno terrapiattista
"Il M5s: “La carta igienica inquina, bisogna usare la coppetta fecale”"
Zingaretti riceve una busta contenente una tessera del Pd
“Fermi! Non è un giornalista!” Poliziotto salva Belpietro dalle manganellate
“Metteteli dove il ministro non li vedrà”: agenti Digos depositano decine di striscioni al Viminale
Napoli. Ottiene pensione di invalidità facendo il trucco dell’indice che si stacca
Freddo anomalo. Il tormentone estivo quest’anno sarà cantato da Michael Bublé
Canto delle sirene può non avere effetti se il marinaio è gay
"Palermo, sospesa professoressa di matematica che insegnava la differenza tra 2.4 e 2.04"
Salvini utilizza Alitalia per volare da un comizio all’altro e risana i debiti della compagnia
Assorbenti troppo cari. Arriva la soluzione di Pillon: “Usate i tappi di sughero”
Toninelli: “Pago ancora la tassa sulla ricarica telefonica solo per fare dispetto a Bersani”
"Svizzero muore a 75 anni, 8 mesi, 2 settimane, 3 giorni, 4 ore e 11 minuti"
“Troppi morti sulle strade” dal 2020 le autoscuole insegneranno come guidare col telefonino in mano
Pensionati contro Salvini: “Senza migranti a rischio l’80% dei cantieri”
"“Qui le donne hanno troppi diritti”, militante ISIS lascia lo Stato Islamico e va in Alabama"
Professoressa si affaccia dal balcone durante comizio di Salvini e viene rimossa
"Arrestato “Charlot”, il maniaco che mandava in chat le foto del suo cazzo in bianco e nero"
Legge il libro di Salvini e scopre che Di Maio alla fine muore
“Si può fare!” Cardinale elemosiniere si fa prendere la mano e riattacca la spina a Wojtyla
Giarrusso pubblica nuovo sondaggio: “È più lungo il mio o quello di Berlusconi?”
Leghista mette mi piace al post sbagliato e vince Toninelli
"PD, Zingaretti: “Presto nuova cazzata per rimediare alla risalita nei sondaggi”"
Stende maglia di calcetto del figlio durante comizio di Salvini e la Digos gliela fa togliere
Assunto come contorsionista in un circo l’uomo che riesce a pisciare nei bagni dei Flixbus
“È dal settimo giorno che non lavoro”: Dio appare in un CAF e chiede il reddito di cittadinanza
Troppi negozi di scarpe sul percorso: corteo femminista si protrae per 9 ore
"PD, Zingaretti ha quasi finito di festeggiare la vittoria alle primarie"
Regno Unito: uno della famiglia reale paparazzato mentre fa qualcosa
Mancino impara l’arabo per non sporcarsi la mano quando scrive
Psicologia. Il segreto della felicità è tenersi alla larga dai ricordi di Facebook
Operaio dell’Ilva si trasferisce a Chernobyl per aumentare la sua aspettativa di vita
"Musica, il chitarrista dei Tool rivela: “Il prossimo album uscirà tra 24 anni ma ne durerà almeno 2”"
"Economia, ragazza depressa per la rottura col fidanzato salva l’attività del gelataio sotto casa"
Autori Marvel: “Nel prossimo ciclo gli ‘Avengers’ se la vedranno con una maestra d’asilo italiana”
Ragazzo prodigio riconosce Giuseppe Conte per strada
Dimentica di scrivere “No perditempo” in annuncio: lo contattano in massa gli influencer di Instagram
"Aumenti, benzinai sostengono i clienti: “Per un pieno valutiamo il tuo usato”"
"Biotestamento, si potrà chiedere di farsi cremare insieme al proprio profilo Facebook"
Si dopa mentre fa yoga per arrivare prima all’illuminazione
Tria: “Per venire incontro alle esigenze commerciali le banconote saranno diminuite di un centesimo”
Morto l’uomo che per primo ha inviato il cazzo in chat
"Servizio sul Duce, la Rai smorza le polemiche: “Mussolini ha fatto anche cose sbagliate”"
“Distruggeremo i valori dell’Occidente”: terroristi minacciano di bruciare la sede di Netflix
Pillon: “Se Sigourney Weaver è incinta di un Alien deve portare a termine la gravidanza”
"Salute, arriva il polsino elisabettiano per gli uomini col vizio di toccarsi sempre il pacco"
"Servizio sul Duce, la Rai smorza le polemiche: “Mussolini ha fatto anche cose sbagliate”"
Zingaretti twitta “Juve merda” e il Pd sale al 50%
Ryanair. Dal 2020 non sarà più gratis dirottare i voli
Papa Francesco: “Negare l’assoluzione a chi spoilera il Trono di Spade”
"Facebook, arrestata la faccina che ride alle notizie brutte"
Passa il filo interdentale dopo la Pasquetta e ricostruisce un agnello intero
Ingroia fermato in stato di ebbrezza mentre tenta di fondare un altro partito di sinistra
Auricolari: dal prossimo anno L e R diventeranno orecchio 1 e orecchio 2
“Meglio del cibo della mensa”. Bimbo finge di avere i genitori poveri per poter mangiare tonno e crackers
"“Sesso solo dopo il funerale”, necrofilo mette in chiaro le cose con la nuova fidanzata"
“Meglio del cibo della mensa”. Bimbo finge di avere i genitori poveri per poter mangiare tonno e crackers
"Down di Facebook, ufficio del Ministro dell’Interno attivo per tre ore"
"Def, Di Maio rassicura: “Troveremo un nome figo anche per l’aumento dell’IVA”"
Inps apre sportello dedicato al lavoro nero
"Greta Thunberg in Vaticano: “Consumano troppo, ridurre il numero di Papi entro il 2020”"
"Gesù non supera la prova costume, crocifissione rinviata"
"Notre-Dame, incubo senza fine: Italia offre aiuto per la ricostruzione"
Contrabbassista jazz si addormenta durante il suo assolo
Comuni confinanti adottano lo stesso regolamento per la differenziata
"Riscaldamento globale, l’inverno di Game of Thrones durerà solo 2 episodi"
Filosofo platonico invia in chat a un’amica l’ombra del suo pene
"Riscaldamento globale, l’inverno di Game of Thrones durerà solo 2 episodi"
Nuovo slancio d’altruismo di Candreva: “Aiuterò Borja Valero ad attraversare la metà campo”
Tre bacini ma non passa la bua. Mamma denunciata per malasanità
"Facebook, si potrà bestemmiare nei commenti ai video sponsorizzati che partono da soli"
Archeologia: nella prossima puntata Alberto Angela parlerà di altavista.com
Lite tra tenori a Murano: 10 milioni di euro di danni
Papa Ratzinger: “Pedofilia nel clero colpa delle divinità precedenti”
"DEF, Di Maio: “Ha prevalso il buonsenso, ma mi prenderò la rivincita”"
Di Maio: presto un fondo per i rimborsi delle quote mancanti al fantacalcio
